JAHR;BFS;GEMEINDE;EINWOHNER
2010;21;Adlikon;577
2010;131;Adliswil;16488
2010;241;Aesch;1034
2010;1;Aeugst a.A.;1822
2010;2;Affoltern a.A.;11063
2010;211;Altikon;601
2010;30;Andelfingen;1860
2010;51;Bachenbülach;3869
2010;81;Bachs;573
2010;52;Bassersdorf;11052
2010;171;Bauma;4160
2010;22;Benken;799
2010;23;Berg a.I.;599
2010;212;Bertschikon;1048
2010;242;Birmensdorf;5876
2010;3;Bonstetten;5164
2010;82;Boppelsen;1286
2010;213;Brütten;1927
2010;112;Bubikon;6573
2010;24;Buch a.I.;872
2010;83;Buchs;5522
2010;111;Bäretswil;4803
2010;53;Bülach;17478
2010;25;Dachsen;1941
2010;86;Dielsdorf;5646
2010;243;Dietikon;23578
2010;54;Dietlikon;7053
2010;216;Dinhard;1387
2010;26;Dorf;633
2010;214;Dägerlen;1005
2010;84;Dällikon;3605
2010;85;Dänikon;1903
2010;215;Dättlikon;746
2010;191;Dübendorf;24882
2010;113;Dürnten;6665
2010;192;Egg;7997
2010;55;Eglisau;4213
2010;217;Elgg;3922
2010;218;Ellikon a.d.Th.;889
2010;219;Elsau;3326
2010;56;Embrach;8856
2010;151;Erlenbach;5247
2010;172;Fehraltorf;5885
2010;27;Feuerthalen;3467
2010;114;Fischenthal;2288
2010;28;Flaach;1223
2010;29;Flurlingen;1430
2010;57;Freienstein-Teufen;2289
2010;193;Fällanden;7971
2010;244;Geroldswil;4652
2010;58;Glattfelden;4260
2010;115;Gossau;9539
2010;194;Greifensee;5094
2010;116;Grüningen;3165
2010;220;Hagenbuch;1097
2010;4;Hausen a.A.;3362
2010;5;Hedingen;3408
2010;31;Henggart;2214
2010;152;Herrliberg;6069
2010;221;Hettlingen;2957
2010;117;Hinwil;10364
2010;132;Hirzel;2106
2010;173;Hittnau;3467
2010;59;Hochfelden;1999
2010;222;Hofstetten;447
2010;153;Hombrechtikon;7994
2010;133;Horgen;18935
2010;32;Humlikon;456
2010;60;Höri;2457
2010;61;Hüntwangen;946
2010;134;Hütten;892
2010;87;Hüttikon;665
2010;174;Illnau-Effretikon;15597
2010;6;Kappel a.A.;918
2010;135;Kilchberg;7454
2010;33;Kleinandelfingen;2077
2010;62;Kloten;17995
2010;7;Knonau;1802
2010;175;Kyburg;419
2010;154;Küsnacht;13499
2010;136;Langnau a.A.;7250
2010;34;Laufen-Uhwiesen;1511
2010;176;Lindau;5007
2010;63;Lufingen;1756
2010;35;Marthalen;1935
2010;8;Maschwanden;612
2010;195;Maur;9517
2010;156;Meilen;12539
2010;9;Mettmenstetten;4245
2010;155;Männedorf;10437
2010;196;Mönchaltorf;3461
2010;88;Neerach;2969
2010;223;Neftenbach;5224
2010;89;Niederglatt;4570
2010;90;Niederhasli;8526
2010;91;Niederweningen;2729
2010;64;Nürensdorf;5170
2010;65;Oberembrach;966
2010;245;Oberengstringen;6381
2010;92;Oberglatt;5862
2010;137;Oberrieden;4936
2010;36;Oberstammheim;1080
2010;93;Oberweningen;1745
2010;10;Obfelden;4682
2010;157;Oetwil a.S.;4369
2010;246;Oetwil a.d.L.;2295
2010;66;Opfikon;15582
2010;37;Ossingen;1341
2010;94;Otelfingen;2449
2010;11;Ottenbach;2412
2010;224;Pfungen;2962
2010;177;Pfäffikon;10602
2010;67;Rafz;4025
2010;95;Regensberg;488
2010;96;Regensdorf;16518
2010;38;Rheinau;1300
2010;138;Richterswil;12336
2010;225;Rickenbach;2500
2010;12;Rifferswil;900
2010;68;Rorbas;2343
2010;178;Russikon;4096
2010;97;Rümlang;6698
2010;139;Rüschlikon;5227
2010;118;Rüti;11934
2010;226;Schlatt;734
2010;98;Schleinikon;717
2010;247;Schlieren;16103
2010;197;Schwerzenbach;4431
2010;99;Schöfflisdorf;1353
2010;140;Schönenberg;1917
2010;119;Seegräben;1296
2010;227;Seuzach;7050
2010;100;Stadel;1979
2010;13;Stallikon;3160
2010;101;Steinmaur;3169
2010;179;Sternenberg;362
2010;158;Stäfa;13923
2010;39;Thalheim a.d.Th.;818
2010;141;Thalwil;17189
2010;41;Truttikon;475
2010;40;Trüllikon;993
2010;228;Turbenthal;4199
2010;159;Uetikon a.S.;5728
2010;248;Uitikon;3887
2010;249;Unterengstringen;3367
2010;42;Unterstammheim;875
2010;250;Urdorf;8979
2010;198;Uster;32285
2010;43;Volken;310
2010;199;Volketswil;17412
2010;120;Wald;8961
2010;69;Wallisellen;13616
2010;44;Waltalingen;691
2010;200;Wangen-Brüttisellen;7539
2010;70;Wasterkingen;559
2010;102;Weiach;980
2010;251;Weiningen;4229
2010;180;Weisslingen;3225
2010;14;Wettswil a.A.;4515
2010;121;Wetzikon;22081
2010;229;Wiesendangen;4805
2010;71;Wil;1281
2010;181;Wila;1933
2010;182;Wildberg;965
2010;72;Winkel;3927
2010;230;Winterthur;101203
2010;142;Wädenswil;20376
2010;231;Zell;5357
2010;161;Zollikon;12033
2010;160;Zumikon;5087
2010;261;Zürich;372047
2011;21;Adlikon;579
2011;131;Adliswil;17472
2011;241;Aesch;1083
2011;1;Aeugst a.A.;1911
2011;2;Affoltern a.A.;11140
2011;211;Altikon;619
2011;30;Andelfingen;1990
2011;51;Bachenbülach;3992
2011;81;Bachs;567
2011;52;Bassersdorf;11157
2011;171;Bauma;4199
2011;22;Benken;819
2011;23;Berg a.I.;586
2011;212;Bertschikon;1048
2011;242;Birmensdorf;5922
2011;3;Bonstetten;5166
2011;82;Boppelsen;1286
2011;213;Brütten;1938
2011;112;Bubikon;6771
2011;24;Buch a.I.;894
2011;83;Buchs;5692
2011;111;Bäretswil;4880
2011;53;Bülach;17472
2011;25;Dachsen;1954
2011;86;Dielsdorf;5767
2011;243;Dietikon;24114
2011;54;Dietlikon;7097
2011;216;Dinhard;1412
2011;26;Dorf;633
2011;214;Dägerlen;992
2011;84;Dällikon;3641
2011;85;Dänikon;1913
2011;215;Dättlikon;747
2011;191;Dübendorf;25124
2011;113;Dürnten;7055
2011;192;Egg;8214
2011;55;Eglisau;4490
2011;217;Elgg;4006
2011;218;Ellikon a.d.Th.;892
2011;219;Elsau;3360
2011;56;Embrach;8915
2011;151;Erlenbach;5266
2011;172;Fehraltorf;5889
2011;27;Feuerthalen;3464
2011;114;Fischenthal;2324
2011;28;Flaach;1247
2011;29;Flurlingen;1430
2011;57;Freienstein-Teufen;2280
2011;193;Fällanden;8062
2011;244;Geroldswil;4698
2011;58;Glattfelden;4463
2011;115;Gossau;9653
2011;194;Greifensee;5122
2011;116;Grüningen;3185
2011;220;Hagenbuch;1093
2011;4;Hausen a.A.;3362
2011;5;Hedingen;3464
2011;31;Henggart;2239
2011;152;Herrliberg;6119
2011;221;Hettlingen;3000
2011;117;Hinwil;10544
2011;132;Hirzel;2102
2011;173;Hittnau;3464
2011;59;Hochfelden;2007
2011;222;Hofstetten;472
2011;153;Hombrechtikon;8089
2011;133;Horgen;19068
2011;32;Humlikon;477
2011;60;Höri;2450
2011;61;Hüntwangen;958
2011;134;Hütten;910
2011;87;Hüttikon;664
2011;174;Illnau-Effretikon;15952
2011;6;Kappel a.A.;952
2011;135;Kilchberg;7541
2011;33;Kleinandelfingen;2022
2011;62;Kloten;18183
2011;7;Knonau;1894
2011;175;Kyburg;427
2011;154;Küsnacht;13506
2011;136;Langnau a.A.;7197
2011;34;Laufen-Uhwiesen;1533
2011;176;Lindau;5080
2011;63;Lufingen;1823
2011;35;Marthalen;1975
2011;8;Maschwanden;641
2011;195;Maur;9531
2011;156;Meilen;12685
2011;9;Mettmenstetten;4376
2011;155;Männedorf;10434
2011;196;Mönchaltorf;3442
2011;88;Neerach;3014
2011;223;Neftenbach;5310
2011;89;Niederglatt;4543
2011;90;Niederhasli;8594
2011;91;Niederweningen;2761
2011;64;Nürensdorf;5224
2011;65;Oberembrach;1001
2011;245;Oberengstringen;6384
2011;92;Oberglatt;5979
2011;137;Oberrieden;4969
2011;36;Oberstammheim;1102
2011;93;Oberweningen;1733
2011;10;Obfelden;4756
2011;157;Oetwil a.S.;4491
2011;246;Oetwil a.d.L.;2330
2011;66;Opfikon;15967
2011;37;Ossingen;1350
2011;94;Otelfingen;2608
2011;11;Ottenbach;2459
2011;224;Pfungen;3309
2011;177;Pfäffikon;10817
2011;67;Rafz;4054
2011;95;Regensberg;498
2011;96;Regensdorf;16824
2011;38;Rheinau;1316
2011;138;Richterswil;12574
2011;225;Rickenbach;2535
2011;12;Rifferswil;933
2011;68;Rorbas;2478
2011;178;Russikon;4126
2011;97;Rümlang;6924
2011;139;Rüschlikon;5385
2011;118;Rüti;11802
2011;226;Schlatt;737
2011;98;Schleinikon;722
2011;247;Schlieren;16685
2011;197;Schwerzenbach;4527
2011;99;Schöfflisdorf;1356
2011;140;Schönenberg;1896
2011;119;Seegräben;1298
2011;227;Seuzach;7062
2011;100;Stadel;1980
2011;13;Stallikon;3265
2011;101;Steinmaur;3229
2011;179;Sternenberg;351
2011;158;Stäfa;13864
2011;39;Thalheim a.d.Th.;876
2011;141;Thalwil;17256
2011;41;Truttikon;469
2011;40;Trüllikon;992
2011;228;Turbenthal;4263
2011;159;Uetikon a.S.;5837
2011;248;Uitikon;3936
2011;249;Unterengstringen;3350
2011;42;Unterstammheim;884
2011;250;Urdorf;9249
2011;198;Uster;32547
2011;43;Volken;307
2011;199;Volketswil;17572
2011;120;Wald;9201
2011;69;Wallisellen;14028
2011;44;Waltalingen;687
2011;200;Wangen-Brüttisellen;7588
2011;70;Wasterkingen;547
2011;102;Weiach;1022
2011;251;Weiningen;4261
2011;180;Weisslingen;3202
2011;14;Wettswil a.A.;4589
2011;121;Wetzikon;22636
2011;229;Wiesendangen;4873
2011;71;Wil;1296
2011;181;Wila;1908
2011;182;Wildberg;981
2011;72;Winkel;3903
2011;230;Winterthur;102966
2011;142;Wädenswil;20828
2011;231;Zell;5426
2011;161;Zollikon;12099
2011;160;Zumikon;5147
2011;261;Zürich;376008
2012;21;Adlikon;562
2012;131;Adliswil;17997
2012;241;Aesch;1158
2012;1;Aeugst a.A.;1959
2012;2;Affoltern a.A.;11265
2012;211;Altikon;618
2012;30;Andelfingen;2062
2012;51;Bachenbülach;4009
2012;81;Bachs;574
2012;52;Bassersdorf;11229
2012;171;Bauma;4218
2012;22;Benken;823
2012;23;Berg a.I.;587
2012;212;Bertschikon;1050
2012;242;Birmensdorf;5951
2012;3;Bonstetten;5191
2012;82;Boppelsen;1274
2012;213;Brütten;1985
2012;112;Bubikon;6856
2012;24;Buch a.I.;898
2012;83;Buchs;6047
2012;111;Bäretswil;4928
2012;53;Bülach;17928
2012;25;Dachsen;1955
2012;86;Dielsdorf;5787
2012;243;Dietikon;24772
2012;54;Dietlikon;7164
2012;216;Dinhard;1451
2012;26;Dorf;634
2012;214;Dägerlen;986
2012;84;Dällikon;3722
2012;85;Dänikon;1929
2012;215;Dättlikon;748
2012;191;Dübendorf;25299
2012;113;Dürnten;7159
2012;192;Egg;8302
2012;55;Eglisau;4701
2012;217;Elgg;4032
2012;218;Ellikon a.d.Th.;914
2012;219;Elsau;3351
2012;56;Embrach;8975
2012;151;Erlenbach;5318
2012;172;Fehraltorf;6221
2012;27;Feuerthalen;3459
2012;114;Fischenthal;2330
2012;28;Flaach;1330
2012;29;Flurlingen;1415
2012;57;Freienstein-Teufen;2317
2012;193;Fällanden;8067
2012;244;Geroldswil;4742
2012;58;Glattfelden;4546
2012;115;Gossau;9709
2012;194;Greifensee;5214
2012;116;Grüningen;3222
2012;220;Hagenbuch;1104
2012;4;Hausen a.A.;3372
2012;5;Hedingen;3506
2012;31;Henggart;2248
2012;152;Herrliberg;6127
2012;221;Hettlingen;2987
2012;117;Hinwil;10602
2012;132;Hirzel;2134
2012;173;Hittnau;3506
2012;59;Hochfelden;2021
2012;222;Hofstetten;481
2012;153;Hombrechtikon;8100
2012;133;Horgen;19252
2012;32;Humlikon;484
2012;60;Höri;2611
2012;61;Hüntwangen;1002
2012;134;Hütten;897
2012;87;Hüttikon;668
2012;174;Illnau-Effretikon;16099
2012;6;Kappel a.A.;922
2012;135;Kilchberg;7641
2012;33;Kleinandelfingen;2008
2012;62;Kloten;18373
2012;7;Knonau;1979
2012;175;Kyburg;406
2012;154;Küsnacht;13485
2012;136;Langnau a.A.;7223
2012;34;Laufen-Uhwiesen;1560
2012;176;Lindau;5207
2012;63;Lufingen;1836
2012;35;Marthalen;1964
2012;8;Maschwanden;641
2012;195;Maur;9610
2012;156;Meilen;12777
2012;9;Mettmenstetten;4414
2012;155;Männedorf;10462
2012;196;Mönchaltorf;3439
2012;88;Neerach;3019
2012;223;Neftenbach;5419
2012;89;Niederglatt;4568
2012;90;Niederhasli;8710
2012;91;Niederweningen;2758
2012;64;Nürensdorf;5261
2012;65;Oberembrach;1025
2012;245;Oberengstringen;6397
2012;92;Oberglatt;6060
2012;137;Oberrieden;4965
2012;36;Oberstammheim;1125
2012;93;Oberweningen;1749
2012;10;Obfelden;4828
2012;157;Oetwil a.S.;4546
2012;246;Oetwil a.d.L.;2326
2012;66;Opfikon;16045
2012;37;Ossingen;1348
2012;94;Otelfingen;2751
2012;11;Ottenbach;2479
2012;224;Pfungen;3382
2012;177;Pfäffikon;11012
2012;67;Rafz;4085
2012;95;Regensberg;490
2012;96;Regensdorf;16951
2012;38;Rheinau;1346
2012;138;Richterswil;12825
2012;225;Rickenbach;2549
2012;12;Rifferswil;957
2012;68;Rorbas;2503
2012;178;Russikon;4132
2012;97;Rümlang;7006
2012;139;Rüschlikon;5418
2012;118;Rüti;11928
2012;226;Schlatt;738
2012;98;Schleinikon;718
2012;247;Schlieren;17170
2012;197;Schwerzenbach;4737
2012;99;Schöfflisdorf;1373
2012;140;Schönenberg;1894
2012;119;Seegräben;1307
2012;227;Seuzach;7128
2012;100;Stadel;2010
2012;13;Stallikon;3297
2012;101;Steinmaur;3276
2012;179;Sternenberg;351
2012;158;Stäfa;13866
2012;39;Thalheim a.d.Th.;898
2012;141;Thalwil;17309
2012;41;Truttikon;465
2012;40;Trüllikon;982
2012;228;Turbenthal;4300
2012;159;Uetikon a.S.;5932
2012;248;Uitikon;3944
2012;249;Unterengstringen;3393
2012;42;Unterstammheim;861
2012;250;Urdorf;9456
2012;198;Uster;32710
2012;43;Volken;311
2012;199;Volketswil;17743
2012;120;Wald;9321
2012;69;Wallisellen;14149
2012;44;Waltalingen;675
2012;200;Wangen-Brüttisellen;7573
2012;70;Wasterkingen;547
2012;102;Weiach;1076
2012;251;Weiningen;4281
2012;180;Weisslingen;3173
2012;14;Wettswil a.A.;4574
2012;121;Wetzikon;23254
2012;229;Wiesendangen;4927
2012;71;Wil;1298
2012;181;Wila;1942
2012;182;Wildberg;1002
2012;72;Winkel;4084
2012;230;Winterthur;104366
2012;142;Wädenswil;20907
2012;231;Zell;5485
2012;161;Zollikon;12152
2012;160;Zumikon;5162
2012;261;Zürich;379915
2013;21;Adlikon;573
2013;131;Adliswil;18216
2013;241;Aesch;1183
2013;1;Aeugst a.A.;1970
2013;2;Affoltern a.A.;11342
2013;211;Altikon;635
2013;30;Andelfingen;2100
2013;51;Bachenbülach;4038
2013;81;Bachs;607
2013;52;Bassersdorf;11318
2013;171;Bauma;4297
2013;22;Benken;828
2013;23;Berg a.I.;576
2013;212;Bertschikon;1084
2013;242;Birmensdorf;6056
2013;3;Bonstetten;5254
2013;82;Boppelsen;1304
2013;213;Brütten;2008
2013;112;Bubikon;6936
2013;24;Buch a.I.;919
2013;83;Buchs;6174
2013;111;Bäretswil;4900
2013;53;Bülach;18348
2013;25;Dachsen;1979
2013;86;Dielsdorf;5871
2013;243;Dietikon;25326
2013;54;Dietlikon;7219
2013;216;Dinhard;1497
2013;26;Dorf;620
2013;214;Dägerlen;977
2013;84;Dällikon;3746
2013;85;Dänikon;1946
2013;215;Dättlikon;756
2013;191;Dübendorf;25719
2013;113;Dürnten;7157
2013;192;Egg;8273
2013;55;Eglisau;4934
2013;217;Elgg;4114
2013;218;Ellikon a.d.Th.;903
2013;219;Elsau;3420
2013;56;Embrach;8926
2013;151;Erlenbach;5336
2013;172;Fehraltorf;6262
2013;27;Feuerthalen;3483
2013;114;Fischenthal;2323
2013;28;Flaach;1351
2013;29;Flurlingen;1401
2013;57;Freienstein-Teufen;2287
2013;193;Fällanden;8139
2013;244;Geroldswil;4745
2013;58;Glattfelden;4631
2013;115;Gossau;9692
2013;194;Greifensee;5305
2013;116;Grüningen;3269
2013;220;Hagenbuch;1084
2013;4;Hausen a.A.;3416
2013;5;Hedingen;3585
2013;31;Henggart;2273
2013;152;Herrliberg;6159
2013;221;Hettlingen;3002
2013;117;Hinwil;10754
2013;132;Hirzel;2145
2013;173;Hittnau;3555
2013;59;Hochfelden;2008
2013;222;Hofstetten;481
2013;153;Hombrechtikon;8182
2013;133;Horgen;19553
2013;32;Humlikon;482
2013;60;Höri;2634
2013;61;Hüntwangen;1005
2013;134;Hütten;908
2013;87;Hüttikon;679
2013;174;Illnau-Effretikon;16249
2013;6;Kappel a.A.;955
2013;135;Kilchberg;7767
2013;33;Kleinandelfingen;2038
2013;62;Kloten;18354
2013;7;Knonau;1999
2013;175;Kyburg;407
2013;154;Küsnacht;13623
2013;136;Langnau a.A.;7308
2013;34;Laufen-Uhwiesen;1622
2013;176;Lindau;5306
2013;63;Lufingen;1872
2013;35;Marthalen;1978
2013;8;Maschwanden;664
2013;195;Maur;9700
2013;156;Meilen;13046
2013;9;Mettmenstetten;4420
2013;155;Männedorf;10473
2013;196;Mönchaltorf;3459
2013;88;Neerach;3021
2013;223;Neftenbach;5438
2013;89;Niederglatt;4642
2013;90;Niederhasli;8845
2013;91;Niederweningen;2787
2013;64;Nürensdorf;5311
2013;65;Oberembrach;1094
2013;245;Oberengstringen;6444
2013;92;Oberglatt;6460
2013;137;Oberrieden;4961
2013;36;Oberstammheim;1142
2013;93;Oberweningen;1748
2013;10;Obfelden;4861
2013;157;Oetwil a.S.;4577
2013;246;Oetwil a.d.L.;2293
2013;66;Opfikon;16338
2013;37;Ossingen;1358
2013;94;Otelfingen;2729
2013;11;Ottenbach;2475
2013;224;Pfungen;3531
2013;177;Pfäffikon;11089
2013;67;Rafz;4162
2013;95;Regensberg;485
2013;96;Regensdorf;17132
2013;38;Rheinau;1321
2013;138;Richterswil;12999
2013;225;Rickenbach;2515
2013;12;Rifferswil;959
2013;68;Rorbas;2583
2013;178;Russikon;4155
2013;97;Rümlang;7217
2013;139;Rüschlikon;5542
2013;118;Rüti;11928
2013;226;Schlatt;733
2013;98;Schleinikon;707
2013;247;Schlieren;17598
2013;197;Schwerzenbach;4953
2013;99;Schöfflisdorf;1362
2013;140;Schönenberg;1881
2013;119;Seegräben;1332
2013;227;Seuzach;7186
2013;100;Stadel;2026
2013;13;Stallikon;3321
2013;101;Steinmaur;3345
2013;179;Sternenberg;353
2013;158;Stäfa;13894
2013;39;Thalheim a.d.Th.;916
2013;141;Thalwil;17496
2013;41;Truttikon;451
2013;40;Trüllikon;989
2013;228;Turbenthal;4334
2013;159;Uetikon a.S.;5879
2013;248;Uitikon;3912
2013;249;Unterengstringen;3448
2013;42;Unterstammheim;877
2013;250;Urdorf;9505
2013;198;Uster;33048
2013;43;Volken;305
2013;199;Volketswil;18040
2013;120;Wald;9314
2013;69;Wallisellen;14787
2013;44;Waltalingen;691
2013;200;Wangen-Brüttisellen;7593
2013;70;Wasterkingen;572
2013;102;Weiach;1074
2013;251;Weiningen;4340
2013;180;Weisslingen;3208
2013;14;Wettswil a.A.;4633
2013;121;Wetzikon;23659
2013;229;Wiesendangen;4955
2013;71;Wil;1312
2013;181;Wila;1916
2013;182;Wildberg;985
2013;72;Winkel;4183
2013;230;Winterthur;105461
2013;142;Wädenswil;20933
2013;231;Zell;5637
2013;161;Zollikon;12319
2013;160;Zumikon;5164
2013;261;Zürich;383708
2014;21;Adlikon;609
2014;131;Adliswil;18381
2014;241;Aesch;1182
2014;1;Aeugst a.A.;1952
2014;2;Affoltern a.A.;11540
2014;211;Altikon;657
2014;30;Andelfingen;2154
2014;51;Bachenbülach;4064
2014;81;Bachs;598
2014;52;Bassersdorf;11371
2014;171;Bauma;4367
2014;22;Benken;824
2014;23;Berg a.I.;579
2014;242;Birmensdorf;6167
2014;3;Bonstetten;5279
2014;82;Boppelsen;1280
2014;213;Brütten;2031
2014;112;Bubikon;6979
2014;24;Buch a.I.;923
2014;83;Buchs;6152
2014;111;Bäretswil;4993
2014;53;Bülach;18848
2014;25;Dachsen;2001
2014;86;Dielsdorf;5909
2014;243;Dietikon;26178
2014;54;Dietlikon;7564
2014;216;Dinhard;1482
2014;26;Dorf;643
2014;214;Dägerlen;979
2014;84;Dällikon;3899
2014;85;Dänikon;1944
2014;215;Dättlikon;762
2014;191;Dübendorf;26264
2014;113;Dürnten;7374
2014;192;Egg;8330
2014;55;Eglisau;4961
2014;217;Elgg;4145
2014;218;Ellikon a.d.Th.;907
2014;219;Elsau;3464
2014;56;Embrach;9084
2014;151;Erlenbach;5443
2014;172;Fehraltorf;6309
2014;27;Feuerthalen;3497
2014;114;Fischenthal;2325
2014;28;Flaach;1361
2014;29;Flurlingen;1420
2014;57;Freienstein-Teufen;2305
2014;193;Fällanden;8182
2014;244;Geroldswil;4822
2014;58;Glattfelden;4824
2014;115;Gossau;9756
2014;194;Greifensee;5300
2014;116;Grüningen;3365
2014;220;Hagenbuch;1112
2014;4;Hausen a.A.;3469
2014;5;Hedingen;3645
2014;31;Henggart;2274
2014;152;Herrliberg;6240
2014;221;Hettlingen;3065
2014;117;Hinwil;10779
2014;132;Hirzel;2131
2014;173;Hittnau;3640
2014;59;Hochfelden;2018
2014;222;Hofstetten;482
2014;153;Hombrechtikon;8420
2014;133;Horgen;20005
2014;32;Humlikon;498
2014;60;Höri;2662
2014;61;Hüntwangen;1014
2014;134;Hütten;905
2014;87;Hüttikon;703
2014;174;Illnau-Effretikon;16271
2014;6;Kappel a.A.;1014
2014;135;Kilchberg;7853
2014;33;Kleinandelfingen;2063
2014;62;Kloten;18329
2014;7;Knonau;2033
2014;175;Kyburg;405
2014;154;Küsnacht;13820
2014;136;Langnau a.A.;7413
2014;34;Laufen-Uhwiesen;1635
2014;176;Lindau;5386
2014;63;Lufingen;1914
2014;35;Marthalen;1986
2014;8;Maschwanden;664
2014;195;Maur;9711
2014;156;Meilen;13209
2014;9;Mettmenstetten;4463
2014;155;Männedorf;10522
2014;196;Mönchaltorf;3618
2014;88;Neerach;3005
2014;223;Neftenbach;5498
2014;89;Niederglatt;4713
2014;90;Niederhasli;9028
2014;91;Niederweningen;2871
2014;64;Nürensdorf;5383
2014;65;Oberembrach;1091
2014;245;Oberengstringen;6539
2014;92;Oberglatt;6632
2014;137;Oberrieden;5016
2014;36;Oberstammheim;1154
2014;93;Oberweningen;1823
2014;10;Obfelden;4925
2014;157;Oetwil a.S.;4581
2014;246;Oetwil a.d.L.;2310
2014;66;Opfikon;17085
2014;37;Ossingen;1389
2014;94;Otelfingen;2786
2014;11;Ottenbach;2542
2014;224;Pfungen;3655
2014;177;Pfäffikon;11260
2014;67;Rafz;4235
2014;95;Regensberg;489
2014;96;Regensdorf;17443
2014;38;Rheinau;1312
2014;138;Richterswil;13008
2014;225;Rickenbach;2554
2014;12;Rifferswil;999
2014;68;Rorbas;2701
2014;178;Russikon;4197
2014;97;Rümlang;7541
2014;139;Rüschlikon;5573
2014;118;Rüti;11979
2014;226;Schlatt;754
2014;98;Schleinikon;730
2014;247;Schlieren;17873
2014;197;Schwerzenbach;5003
2014;99;Schöfflisdorf;1384
2014;140;Schönenberg;1883
2014;119;Seegräben;1399
2014;227;Seuzach;7230
2014;100;Stadel;2159
2014;13;Stallikon;3290
2014;101;Steinmaur;3376
2014;179;Sternenberg;351
2014;158;Stäfa;13931
2014;39;Thalheim a.d.Th.;916
2014;141;Thalwil;17610
2014;41;Truttikon;463
2014;40;Trüllikon;1013
2014;228;Turbenthal;4441
2014;159;Uetikon a.S.;5948
2014;248;Uitikon;3960
2014;249;Unterengstringen;3568
2014;42;Unterstammheim;898
2014;250;Urdorf;9611
2014;198;Uster;33383
2014;43;Volken;339
2014;199;Volketswil;18384
2014;120;Wald;9446
2014;69;Wallisellen;15315
2014;44;Waltalingen;675
2014;200;Wangen-Brüttisellen;7632
2014;70;Wasterkingen;568
2014;102;Weiach;1153
2014;251;Weiningen;4407
2014;180;Weisslingen;3236
2014;14;Wettswil a.A.;4711
2014;121;Wetzikon;23887
2014;298;Wiesendangen;6114
2014;71;Wil;1351
2014;181;Wila;1920
2014;182;Wildberg;991
2014;72;Winkel;4163
2014;230;Winterthur;106552
2014;142;Wädenswil;21189
2014;231;Zell;5689
2014;161;Zollikon;12517
2014;160;Zumikon;5132
2014;261;Zürich;390474
2015;21;Adlikon;662
2015;131;Adliswil;18551
2015;241;Aesch;1198
2015;1;Aeugst a.A.;1986
2015;2;Affoltern a.A.;11695
2015;211;Altikon;655
2015;30;Andelfingen;2168
2015;51;Bachenbülach;4026
2015;81;Bachs;585
2015;52;Bassersdorf;11561
2015;297;Bauma;4837
2015;22;Benken;859
2015;23;Berg a.I.;567
2015;242;Birmensdorf;6235
2015;3;Bonstetten;5322
2015;82;Boppelsen;1317
2015;213;Brütten;2006
2015;112;Bubikon;7027
2015;24;Buch a.I.;961
2015;83;Buchs;6269
2015;111;Bäretswil;4958
2015;53;Bülach;19342
2015;25;Dachsen;1986
2015;86;Dielsdorf;5917
2015;243;Dietikon;26633
2015;54;Dietlikon;7605
2015;216;Dinhard;1490
2015;26;Dorf;627
2015;214;Dägerlen;1014
2015;84;Dällikon;3950
2015;85;Dänikon;1888
2015;215;Dättlikon;745
2015;191;Dübendorf;26759
2015;113;Dürnten;7392
2015;192;Egg;8378
2015;55;Eglisau;5021
2015;217;Elgg;4209
2015;218;Ellikon a.d.Th.;885
2015;219;Elsau;3477
2015;56;Embrach;9143
2015;151;Erlenbach;5472
2015;172;Fehraltorf;6292
2015;27;Feuerthalen;3564
2015;114;Fischenthal;2425
2015;28;Flaach;1357
2015;29;Flurlingen;1437
2015;57;Freienstein-Teufen;2303
2015;193;Fällanden;8340
2015;244;Geroldswil;4858
2015;58;Glattfelden;4945
2015;115;Gossau;9744
2015;194;Greifensee;5360
2015;116;Grüningen;3358
2015;220;Hagenbuch;1107
2015;4;Hausen a.A.;3476
2015;5;Hedingen;3655
2015;31;Henggart;2250
2015;152;Herrliberg;6289
2015;221;Hettlingen;3113
2015;117;Hinwil;10830
2015;132;Hirzel;2145
2015;173;Hittnau;3608
2015;59;Hochfelden;1989
2015;222;Hofstetten;481
2015;153;Hombrechtikon;8463
2015;133;Horgen;20164
2015;32;Humlikon;504
2015;60;Höri;2639
2015;61;Hüntwangen;1013
2015;134;Hütten;898
2015;87;Hüttikon;879
2015;174;Illnau-Effretikon;16298
2015;6;Kappel a.A.;1029
2015;135;Kilchberg;8077
2015;33;Kleinandelfingen;2068
2015;62;Kloten;18412
2015;7;Knonau;2094
2015;175;Kyburg;411
2015;154;Küsnacht;13796
2015;136;Langnau a.A.;7449
2015;34;Laufen-Uhwiesen;1639
2015;176;Lindau;5379
2015;63;Lufingen;2066
2015;35;Marthalen;1950
2015;8;Maschwanden;638
2015;195;Maur;9873
2015;156;Meilen;13515
2015;9;Mettmenstetten;4659
2015;155;Männedorf;10588
2015;196;Mönchaltorf;3670
2015;88;Neerach;3044
2015;223;Neftenbach;5500
2015;89;Niederglatt;4751
2015;90;Niederhasli;9085
2015;91;Niederweningen;2856
2015;64;Nürensdorf;5464
2015;65;Oberembrach;1066
2015;245;Oberengstringen;6549
2015;92;Oberglatt;6789
2015;137;Oberrieden;5027
2015;36;Oberstammheim;1173
2015;93;Oberweningen;1796
2015;10;Obfelden;5007
2015;157;Oetwil a.S.;4661
2015;246;Oetwil a.d.L.;2363
2015;66;Opfikon;18482
2015;37;Ossingen;1422
2015;94;Otelfingen;2777
2015;11;Ottenbach;2566
2015;224;Pfungen;3750
2015;177;Pfäffikon;11439
2015;67;Rafz;4341
2015;95;Regensberg;465
2015;96;Regensdorf;18010
2015;38;Rheinau;1316
2015;138;Richterswil;13177
2015;225;Rickenbach;2591
2015;12;Rifferswil;1056
2015;68;Rorbas;2742
2015;178;Russikon;4282
2015;97;Rümlang;7752
2015;139;Rüschlikon;5664
2015;118;Rüti;12011
2015;226;Schlatt;735
2015;98;Schleinikon;720
2015;247;Schlieren;18414
2015;197;Schwerzenbach;5020
2015;99;Schöfflisdorf;1395
2015;140;Schönenberg;1863
2015;119;Seegräben;1435
2015;227;Seuzach;7198
2015;100;Stadel;2210
2015;13;Stallikon;3438
2015;101;Steinmaur;3389
2015;158;Stäfa;14152
2015;39;Thalheim a.d.Th.;903
2015;141;Thalwil;17729
2015;41;Truttikon;473
2015;40;Trüllikon;1014
2015;228;Turbenthal;4469
2015;159;Uetikon a.S.;5981
2015;248;Uitikon;4107
2015;249;Unterengstringen;3627
2015;42;Unterstammheim;923
2015;250;Urdorf;9673
2015;198;Uster;33853
2015;43;Volken;339
2015;199;Volketswil;18489
2015;120;Wald;9421
2015;69;Wallisellen;15603
2015;44;Waltalingen;675
2015;200;Wangen-Brüttisellen;7742
2015;70;Wasterkingen;573
2015;102;Weiach;1377
2015;251;Weiningen;4510
2015;180;Weisslingen;3255
2015;14;Wettswil a.A.;4920
2015;121;Wetzikon;24373
2015;298;Wiesendangen;6226
2015;71;Wil;1375
2015;181;Wila;1926
2015;182;Wildberg;1006
2015;72;Winkel;4237
2015;230;Winterthur;108044
2015;142;Wädenswil;21569
2015;231;Zell;5690
2015;161;Zollikon;12744
2015;160;Zumikon;5168
2015;261;Zürich;396027
2016;21;Adlikon;662
2016;131;Adliswil;18651
2016;241;Aesch;1269
2016;1;Aeugst a.A.;1969
2016;2;Affoltern a.A.;11868
2016;211;Altikon;653
2016;30;Andelfingen;2221
2016;51;Bachenbülach;4058
2016;81;Bachs;601
2016;52;Bassersdorf;11551
2016;297;Bauma;4896
2016;22;Benken;858
2016;23;Berg a.I.;567
2016;242;Birmensdorf;6274
2016;3;Bonstetten;5422
2016;82;Boppelsen;1318
2016;213;Brütten;2021
2016;112;Bubikon;7119
2016;24;Buch a.I.;955
2016;83;Buchs;6320
2016;111;Bäretswil;5046
2016;53;Bülach;19503
2016;25;Dachsen;1988
2016;86;Dielsdorf;5962
2016;243;Dietikon;26929
2016;54;Dietlikon;7551
2016;216;Dinhard;1529
2016;26;Dorf;626
2016;214;Dägerlen;992
2016;84;Dällikon;4067
2016;85;Dänikon;1877
2016;215;Dättlikon;780
2016;191;Dübendorf;27510
2016;113;Dürnten;7470
2016;192;Egg;8395
2016;55;Eglisau;5148
2016;217;Elgg;4306
2016;218;Ellikon a.d.Th.;882
2016;219;Elsau;3533
2016;56;Embrach;9161
2016;151;Erlenbach;5502
2016;172;Fehraltorf;6333
2016;27;Feuerthalen;3589
2016;114;Fischenthal;2473
2016;28;Flaach;1354
2016;29;Flurlingen;1433
2016;57;Freienstein-Teufen;2333
2016;193;Fällanden;8401
2016;244;Geroldswil;4923
2016;58;Glattfelden;5041
2016;115;Gossau;9791
2016;194;Greifensee;5366
2016;116;Grüningen;3381
2016;220;Hagenbuch;1093
2016;4;Hausen a.A.;3556
2016;5;Hedingen;3667
2016;31;Henggart;2240
2016;152;Herrliberg;6286
2016;221;Hettlingen;3159
2016;117;Hinwil;11073
2016;132;Hirzel;2168
2016;173;Hittnau;3584
2016;59;Hochfelden;1957
2016;222;Hofstetten;501
2016;153;Hombrechtikon;8595
2016;133;Horgen;20207
2016;32;Humlikon;495
2016;60;Höri;2690
2016;61;Hüntwangen;1022
2016;134;Hütten;897
2016;87;Hüttikon;916
2016;296;Illnau-Effretikon;16734
2016;6;Kappel a.A.;1110
2016;135;Kilchberg;8320
2016;33;Kleinandelfingen;2063
2016;62;Kloten;19021
2016;7;Knonau;2158
2016;154;Küsnacht;14143
2016;136;Langnau a.A.;7476
2016;34;Laufen-Uhwiesen;1644
2016;176;Lindau;5470
2016;63;Lufingen;2202
2016;35;Marthalen;1938
2016;8;Maschwanden;620
2016;195;Maur;10039
2016;156;Meilen;13701
2016;9;Mettmenstetten;4844
2016;155;Männedorf;10799
2016;196;Mönchaltorf;3684
2016;88;Neerach;3106
2016;223;Neftenbach;5537
2016;89;Niederglatt;4889
2016;90;Niederhasli;9168
2016;91;Niederweningen;2916
2016;64;Nürensdorf;5581
2016;65;Oberembrach;1068
2016;245;Oberengstringen;6563
2016;92;Oberglatt;6940
2016;137;Oberrieden;5017
2016;36;Oberstammheim;1190
2016;93;Oberweningen;1776
2016;10;Obfelden;5119
2016;157;Oetwil a.S.;4732
2016;246;Oetwil a.d.L.;2432
2016;66;Opfikon;19461
2016;37;Ossingen;1451
2016;94;Otelfingen;2821
2016;11;Ottenbach;2578
2016;224;Pfungen;3750
2016;177;Pfäffikon;11728
2016;67;Rafz;4389
2016;95;Regensberg;469
2016;96;Regensdorf;18112
2016;38;Rheinau;1301
2016;138;Richterswil;13304
2016;225;Rickenbach;2683
2016;12;Rifferswil;1075
2016;68;Rorbas;2794
2016;178;Russikon;4346
2016;97;Rümlang;7991
2016;139;Rüschlikon;5720
2016;118;Rüti;12012
2016;226;Schlatt;739
2016;98;Schleinikon;725
2016;247;Schlieren;18681
2016;197;Schwerzenbach;5072
2016;99;Schöfflisdorf;1384
2016;140;Schönenberg;1844
2016;119;Seegräben;1436
2016;227;Seuzach;7243
2016;100;Stadel;2224
2016;13;Stallikon;3629
2016;101;Steinmaur;3439
2016;158;Stäfa;14233
2016;39;Thalheim a.d.Th.;905
2016;141;Thalwil;17728
2016;41;Truttikon;469
2016;40;Trüllikon;1064
2016;228;Turbenthal;4662
2016;159;Uetikon a.S.;6042
2016;248;Uitikon;4145
2016;249;Unterengstringen;3744
2016;42;Unterstammheim;899
2016;250;Urdorf;9641
2016;198;Uster;34216
2016;43;Volken;336
2016;199;Volketswil;18499
2016;120;Wald;9591
2016;69;Wallisellen;15849
2016;44;Waltalingen;657
2016;200;Wangen-Brüttisellen;7874
2016;70;Wasterkingen;559
2016;102;Weiach;1471
2016;251;Weiningen;4748
2016;180;Weisslingen;3264
2016;14;Wettswil a.A.;5105
2016;121;Wetzikon;24564
2016;298;Wiesendangen;6281
2016;71;Wil;1364
2016;181;Wila;1941
2016;182;Wildberg;980
2016;72;Winkel;4364
2016;230;Winterthur;109377
2016;142;Wädenswil;21686
2016;231;Zell;5745
2016;161;Zollikon;12779
2016;160;Zumikon;5142
2016;261;Zürich;401144
2017;21;Adlikon;655
2017;131;Adliswil;18731
2017;241;Aesch;1341
2017;1;Aeugst a.A.;1934
2017;2;Affoltern a.A.;12080
2017;211;Altikon;674
2017;30;Andelfingen;2201
2017;51;Bachenbülach;4092
2017;81;Bachs;588
2017;52;Bassersdorf;11593
2017;297;Bauma;4925
2017;22;Benken;857
2017;23;Berg a.I.;562
2017;242;Birmensdorf;6385
2017;3;Bonstetten;5491
2017;82;Boppelsen;1365
2017;213;Brütten;2016
2017;112;Bubikon;7194
2017;24;Buch a.I.;970
2017;83;Buchs;6303
2017;111;Bäretswil;5026
2017;53;Bülach;19817
2017;25;Dachsen;1931
2017;86;Dielsdorf;5940
2017;243;Dietikon;26936
2017;54;Dietlikon;7685
2017;216;Dinhard;1551
2017;26;Dorf;684
2017;214;Dägerlen;1012
2017;84;Dällikon;4100
2017;85;Dänikon;1869
2017;215;Dättlikon;783
2017;191;Dübendorf;28002
2017;113;Dürnten;7518
2017;192;Egg;8442
2017;55;Eglisau;5170
2017;217;Elgg;4403
2017;218;Ellikon a.d.Th.;903
2017;219;Elsau;3616
2017;56;Embrach;9419
2017;151;Erlenbach;5567
2017;172;Fehraltorf;6378
2017;27;Feuerthalen;3636
2017;114;Fischenthal;2504
2017;28;Flaach;1375
2017;29;Flurlingen;1437
2017;57;Freienstein-Teufen;2371
2017;193;Fällanden;8575
2017;244;Geroldswil;4918
2017;58;Glattfelden;5189
2017;115;Gossau;9937
2017;194;Greifensee;5345
2017;116;Grüningen;3361
2017;220;Hagenbuch;1105
2017;4;Hausen a.A.;3646
2017;5;Hedingen;3678
2017;31;Henggart;2256
2017;152;Herrliberg;6290
2017;221;Hettlingen;3174
2017;117;Hinwil;11179
2017;132;Hirzel;2158
2017;173;Hittnau;3613
2017;59;Hochfelden;1927
2017;222;Hofstetten;500
2017;153;Hombrechtikon;8595
2017;133;Horgen;20253
2017;32;Humlikon;486
2017;60;Höri;2721
2017;61;Hüntwangen;1020
2017;134;Hütten;895
2017;87;Hüttikon;925
2017;296;Illnau-Effretikon;16928
2017;6;Kappel a.A.;1124
2017;135;Kilchberg;8437
2017;33;Kleinandelfingen;2077
2017;62;Kloten;19362
2017;7;Knonau;2301
2017;154;Küsnacht;14250
2017;136;Langnau a.A.;7500
2017;34;Laufen-Uhwiesen;1669
2017;176;Lindau;5621
2017;63;Lufingen;2373
2017;35;Marthalen;1949
2017;8;Maschwanden;636
2017;195;Maur;10148
2017;156;Meilen;13958
2017;9;Mettmenstetten;4865
2017;155;Männedorf;10913
2017;196;Mönchaltorf;3715
2017;88;Neerach;3140
2017;223;Neftenbach;5533
2017;89;Niederglatt;4917
2017;90;Niederhasli;9188
2017;91;Niederweningen;3024
2017;64;Nürensdorf;5591
2017;65;Oberembrach;1057
2017;245;Oberengstringen;6569
2017;92;Oberglatt;6964
2017;137;Oberrieden;5071
2017;36;Oberstammheim;1196
2017;93;Oberweningen;1797
2017;10;Obfelden;5340
2017;157;Oetwil a.S.;4754
2017;246;Oetwil a.d.L.;2464
2017;66;Opfikon;19864
2017;37;Ossingen;1566
2017;94;Otelfingen;2831
2017;11;Ottenbach;2556
2017;224;Pfungen;3831
2017;177;Pfäffikon;11817
2017;67;Rafz;4462
2017;95;Regensberg;473
2017;96;Regensdorf;18253
2017;38;Rheinau;1298
2017;138;Richterswil;13407
2017;225;Rickenbach;2655
2017;12;Rifferswil;1096
2017;68;Rorbas;2837
2017;178;Russikon;4355
2017;97;Rümlang;7929
2017;139;Rüschlikon;5830
2017;118;Rüti;12098
2017;226;Schlatt;730
2017;98;Schleinikon;736
2017;247;Schlieren;18666
2017;197;Schwerzenbach;5088
2017;99;Schöfflisdorf;1398
2017;140;Schönenberg;1844
2017;119;Seegräben;1426
2017;227;Seuzach;7291
2017;100;Stadel;2271
2017;13;Stallikon;3687
2017;101;Steinmaur;3460
2017;158;Stäfa;14389
2017;39;Thalheim a.d.Th.;922
2017;141;Thalwil;17784
2017;41;Truttikon;477
2017;40;Trüllikon;1054
2017;228;Turbenthal;4748
2017;159;Uetikon a.S.;6145
2017;248;Uitikon;4239
2017;249;Unterengstringen;3788
2017;42;Unterstammheim;891
2017;250;Urdorf;9768
2017;198;Uster;34442
2017;43;Volken;337
2017;199;Volketswil;18615
2017;120;Wald;9758
2017;69;Wallisellen;15855
2017;44;Waltalingen;654
2017;200;Wangen-Brüttisellen;7892
2017;70;Wasterkingen;574
2017;102;Weiach;1750
2017;251;Weiningen;4760
2017;180;Weisslingen;3301
2017;14;Wettswil a.A.;5097
2017;121;Wetzikon;24452
2017;298;Wiesendangen;6355
2017;71;Wil;1407
2017;181;Wila;1975
2017;182;Wildberg;994
2017;72;Winkel;4511
2017;230;Winterthur;110570
2017;142;Wädenswil;21716
2017;231;Zell;5929
2017;161;Zollikon;12961
2017;160;Zumikon;5120
2017;261;Zürich;407447
2018;21;Adlikon;707
2018;131;Adliswil;18681
2018;241;Aesch;1555
2018;1;Aeugst a.A.;1979
2018;2;Affoltern a.A.;12201
2018;211;Altikon;705
2018;30;Andelfingen;2207
2018;51;Bachenbülach;4159
2018;81;Bachs;580
2018;52;Bassersdorf;11668
2018;297;Bauma;4961
2018;22;Benken;855
2018;23;Berg a.I.;569
2018;242;Birmensdorf;6497
2018;3;Bonstetten;5539
2018;82;Boppelsen;1372
2018;213;Brütten;2009
2018;112;Bubikon;7335
2018;24;Buch a.I.;977
2018;83;Buchs;6390
2018;111;Bäretswil;5009
2018;53;Bülach;20386
2018;25;Dachsen;1916
2018;86;Dielsdorf;5988
2018;243;Dietikon;27146
2018;54;Dietlikon;7768
2018;216;Dinhard;1654
2018;26;Dorf;658
2018;214;Dägerlen;1016
2018;84;Dällikon;4134
2018;85;Dänikon;1873
2018;215;Dättlikon;790
2018;191;Dübendorf;28579
2018;113;Dürnten;7590
2018;192;Egg;8574
2018;55;Eglisau;5207
2018;294;Elgg;4898
2018;218;Ellikon a.d.Th.;903
2018;219;Elsau;3655
2018;56;Embrach;9434
2018;151;Erlenbach;5605
2018;172;Fehraltorf;6421
2018;27;Feuerthalen;3622
2018;114;Fischenthal;2496
2018;28;Flaach;1407
2018;29;Flurlingen;1437
2018;57;Freienstein-Teufen;2367
2018;193;Fällanden;8651
2018;244;Geroldswil;4942
2018;58;Glattfelden;5195
2018;115;Gossau;10198
2018;194;Greifensee;5350
2018;116;Grüningen;3471
2018;220;Hagenbuch;1083
2018;4;Hausen a.A.;3693
2018;5;Hedingen;3729
2018;31;Henggart;2243
2018;152;Herrliberg;6391
2018;221;Hettlingen;3146
2018;117;Hinwil;11117
2018;173;Hittnau;3672
2018;59;Hochfelden;1927
2018;153;Hombrechtikon;8732
2018;295;Horgen;22612
2018;32;Humlikon;486
2018;60;Höri;2831
2018;61;Hüntwangen;1028
2018;134;Hütten;889
2018;87;Hüttikon;922
2018;296;Illnau-Effretikon;17039
2018;6;Kappel a.A.;1158
2018;135;Kilchberg;8818
2018;33;Kleinandelfingen;2109
2018;62;Kloten;19647
2018;7;Knonau;2371
2018;154;Küsnacht;14348
2018;136;Langnau a.A.;7522
2018;34;Laufen-Uhwiesen;1707
2018;176;Lindau;5592
2018;63;Lufingen;2397
2018;35;Marthalen;1902
2018;8;Maschwanden;648
2018;195;Maur;10204
2018;156;Meilen;14190
2018;9;Mettmenstetten;5094
2018;155;Männedorf;11207
2018;196;Mönchaltorf;3753
2018;88;Neerach;3170
2018;223;Neftenbach;5672
2018;89;Niederglatt;4934
2018;90;Niederhasli;9248
2018;91;Niederweningen;3053
2018;64;Nürensdorf;5612
2018;65;Oberembrach;1054
2018;245;Oberengstringen;6570
2018;92;Oberglatt;7088
2018;137;Oberrieden;5085
2018;36;Oberstammheim;1163
2018;93;Oberweningen;1799
2018;10;Obfelden;5580
2018;157;Oetwil a.S.;4814
2018;246;Oetwil a.d.L.;2547
2018;66;Opfikon;20252
2018;37;Ossingen;1633
2018;94;Otelfingen;2928
2018;11;Ottenbach;2553
2018;224;Pfungen;3845
2018;177;Pfäffikon;11899
2018;67;Rafz;4568
2018;95;Regensberg;486
2018;96;Regensdorf;18411
2018;38;Rheinau;1323
2018;138;Richterswil;13467
2018;225;Rickenbach;2703
2018;12;Rifferswil;1122
2018;68;Rorbas;2824
2018;178;Russikon;4355
2018;97;Rümlang;8159
2018;139;Rüschlikon;6028
2018;118;Rüti;12124
2018;226;Schlatt;763
2018;98;Schleinikon;728
2018;247;Schlieren;18670
2018;197;Schwerzenbach;5108
2018;99;Schöfflisdorf;1377
2018;140;Schönenberg;1841
2018;119;Seegräben;1439
2018;227;Seuzach;7320
2018;100;Stadel;2290
2018;13;Stallikon;3676
2018;101;Steinmaur;3527
2018;158;Stäfa;14467
2018;39;Thalheim a.d.Th.;917
2018;141;Thalwil;17964
2018;41;Truttikon;478
2018;40;Trüllikon;1062
2018;228;Turbenthal;4890
2018;159;Uetikon a.S.;6158
2018;248;Uitikon;4330
2018;249;Unterengstringen;3877
2018;42;Unterstammheim;921
2018;250;Urdorf;9833
2018;198;Uster;34647
2018;43;Volken;362
2018;199;Volketswil;18597
2018;120;Wald;9926
2018;69;Wallisellen;16243
2018;44;Waltalingen;656
2018;200;Wangen-Brüttisellen;7917
2018;70;Wasterkingen;554
2018;102;Weiach;1809
2018;251;Weiningen;4816
2018;180;Weisslingen;3384
2018;14;Wettswil a.A.;5172
2018;121;Wetzikon;24764
2018;298;Wiesendangen;6512
2018;71;Wil;1421
2018;181;Wila;1971
2018;182;Wildberg;1002
2018;72;Winkel;4507
2018;230;Winterthur;111558
2018;142;Wädenswil;21591
2018;231;Zell;6017
2018;161;Zollikon;12996
2018;160;Zumikon;5266
2018;261;Zürich;413912
2019;21;Adlikon;694
2019;131;Adliswil;18869
2019;241;Aesch;1661
2019;1;Aeugst a.A.;1981
2019;2;Affoltern a.A.;12309
2019;211;Altikon;698
2019;30;Andelfingen;2238
2019;51;Bachenbülach;4169
2019;81;Bachs;596
2019;52;Bassersdorf;11832
2019;297;Bauma;4870
2019;22;Benken;847
2019;23;Berg a.I.;578
2019;242;Birmensdorf;6714
2019;3;Bonstetten;5576
2019;82;Boppelsen;1424
2019;213;Brütten;2068
2019;112;Bubikon;7349
2019;24;Buch a.I.;979
2019;83;Buchs;6560
2019;111;Bäretswil;5055
2019;53;Bülach;21336
2019;25;Dachsen;1916
2019;86;Dielsdorf;5960
2019;243;Dietikon;27661
2019;54;Dietlikon;7839
2019;216;Dinhard;1686
2019;26;Dorf;658
2019;214;Dägerlen;1037
2019;84;Dällikon;4170
2019;85;Dänikon;1860
2019;215;Dättlikon;777
2019;191;Dübendorf;29228
2019;113;Dürnten;7594
2019;192;Egg;8786
2019;55;Eglisau;5335
2019;294;Elgg;4935
2019;218;Ellikon a.d.Th.;901
2019;219;Elsau;3645
2019;56;Embrach;9410
2019;151;Erlenbach;5586
2019;172;Fehraltorf;6480
2019;27;Feuerthalen;3605
2019;114;Fischenthal;2505
2019;28;Flaach;1420
2019;29;Flurlingen;1477
2019;57;Freienstein-Teufen;2390
2019;193;Fällanden;8678
2019;244;Geroldswil;4928
2019;58;Glattfelden;5218
2019;115;Gossau;10254
2019;194;Greifensee;5379
2019;116;Grüningen;3638
2019;220;Hagenbuch;1079
2019;4;Hausen a.A.;3749
2019;5;Hedingen;3775
2019;31;Henggart;2235
2019;152;Herrliberg;6458
2019;221;Hettlingen;3167
2019;117;Hinwil;11271
2019;173;Hittnau;3656
2019;59;Hochfelden;1978
2019;153;Hombrechtikon;8759
2019;295;Horgen;22979
2019;32;Humlikon;485
2019;60;Höri;2877
2019;61;Hüntwangen;1057
2019;87;Hüttikon;949
2019;296;Illnau-Effretikon;17316
2019;6;Kappel a.A.;1221
2019;135;Kilchberg;8925
2019;33;Kleinandelfingen;2077
2019;62;Kloten;20079
2019;7;Knonau;2373
2019;154;Küsnacht;14537
2019;136;Langnau a.A.;7727
2019;34;Laufen-Uhwiesen;1759
2019;176;Lindau;5589
2019;63;Lufingen;2414
2019;35;Marthalen;1908
2019;8;Maschwanden;640
2019;195;Maur;10462
2019;156;Meilen;14326
2019;9;Mettmenstetten;5199
2019;155;Männedorf;11317
2019;196;Mönchaltorf;3887
2019;88;Neerach;3174
2019;223;Neftenbach;5719
2019;89;Niederglatt;4991
2019;90;Niederhasli;9340
2019;91;Niederweningen;3072
2019;64;Nürensdorf;5593
2019;65;Oberembrach;1101
2019;245;Oberengstringen;6739
2019;92;Oberglatt;7208
2019;137;Oberrieden;4996
2019;93;Oberweningen;1791
2019;10;Obfelden;5725
2019;157;Oetwil a.S.;4844
2019;246;Oetwil a.d.L.;2518
2019;66;Opfikon;20889
2019;37;Ossingen;1665
2019;94;Otelfingen;2980
2019;11;Ottenbach;2593
2019;224;Pfungen;3895
2019;177;Pfäffikon;12135
2019;67;Rafz;4650
2019;95;Regensberg;465
2019;96;Regensdorf;18494
2019;38;Rheinau;1315
2019;138;Richterswil;13598
2019;225;Rickenbach;2743
2019;12;Rifferswil;1129
2019;68;Rorbas;2883
2019;178;Russikon;4387
2019;97;Rümlang;8229
2019;139;Rüschlikon;6103
2019;118;Rüti;12254
2019;226;Schlatt;785
2019;98;Schleinikon;757
2019;247;Schlieren;18754
2019;197;Schwerzenbach;5168
2019;99;Schöfflisdorf;1377
2019;119;Seegräben;1426
2019;227;Seuzach;7427
2019;100;Stadel;2296
2019;13;Stallikon;3753
2019;292;Stammheim;2785
2019;101;Steinmaur;3611
2019;158;Stäfa;14708
2019;39;Thalheim a.d.Th.;942
2019;141;Thalwil;18121
2019;41;Truttikon;464
2019;40;Trüllikon;1056
2019;228;Turbenthal;4891
2019;159;Uetikon a.S.;6191
2019;248;Uitikon;4663
2019;249;Unterengstringen;3924
2019;250;Urdorf;9975
2019;198;Uster;34986
2019;43;Volken;380
2019;199;Volketswil;18623
2019;120;Wald;10078
2019;69;Wallisellen;16774
2019;200;Wangen-Brüttisellen;7966
2019;70;Wasterkingen;560
2019;102;Weiach;1905
2019;251;Weiningen;4800
2019;180;Weisslingen;3369
2019;14;Wettswil a.A.;5235
2019;121;Wetzikon;24985
2019;298;Wiesendangen;6601
2019;71;Wil;1472
2019;181;Wila;1978
2019;182;Wildberg;982
2019;72;Winkel;4524
2019;230;Winterthur;112911
2019;293;Wädenswil;24569
2019;231;Zell;6295
2019;161;Zollikon;13039
2019;160;Zumikon;5481
2019;261;Zürich;419012
